Workbook

Sheet Léeme
A1: CampusHelp · Hoja de seguimiento de métricas ScrumBan
A3: Cómo se usa
A4: 1. Las celdas amarillas se llenan a mano; las grises se calculan solas. No escribas sobre las grises.
A5: 2. Historias: anota la fecha y hora en que cada HU entra a cada columna del tablero, EL MISMO DÍA en que ocurre (docs/politicas.md §8).
A6: 3. WIP diario: una fila por Daily con el conteo de historias en cada columna. "¿Respeta WIP?" se calcula con los límites 3 / 3 / 2.
A7: 4. Bloqueos: una fila por bloqueo (label `bloqueado`). Si no tiene fin, los días se cuentan hasta hoy.
A8: 5. Defectos: una fila por defecto (label `defecto`). Es el registro de defectos que pide el taller.
A9: 6. Resumen por sprint: se calcula solo a partir de las otras pestañas. Úsalo en la Review, la Retro y en la #41.
A11: Definiciones
A12: Lead Time = Done − Ready (días, con decimales).
A13: Cycle Time = Done − En análisis (días, con decimales).
A14: Throughput = historias que llegaron a Done dentro de las fechas del sprint.
... A21: • Fechas en formato dd/mm/aaaa hh:mm (por ejemplo 06/10/2026 14:30).

Sheet Resumen por sprint
A1: Sprint | B1: Nombre | C1: Inicio | D1: Fin | E1: Sprint Goal | F1: HU comprometidas | G1: Puntos comprometidos | H1: HU terminadas (throughput) | I1: Puntos terminados | J1: % puntos cumplidos | K1: Lead Time prom. (días) | L1: Cycle Time prom. (días) | M1: WIP prom. análisis | N1: WIP prom. atención | O1: WIP prom. validación | P1: Dailies con WIP excedido | Q1: Bloqueos | R1: Días bloqueados | S1: Defectos encontrados | T1: Defectos abiertos
A2: 0 | B2: Preparación | C2: 46300 | D2: 46300 | E2: Setup, BD, tablero y políticas | F2: =COUNTIF(Historias!$E$2:$E$200,$A2) | G2: =SUMIF(Historias!$E$2:$E$200,$A2,Historias!$D$2:$D$200) | H2: =COUNTIFS(Historias!$J$2:$J$200,">="&$C2,Historias!$J$2:$J$200,"<"&($D2+1)) | I2: =SUMIFS(Historias!$D$2:$D$200,Historias!$J$2:$J$200,">="&$C2,Historias!$J$2:$J$200,"<"&($D2+1)) | J2: =IF(G2=0,"",I2/G2) | K2: =IFERROR(AVERAGEIFS(Historias!$M$2:$M$200,Historias!$J$2:$J$200,">="&$C2,Historias!$J$2:$J$200,"<"&($D2+1)),"") | L2: =IFERROR(AVERAGEIFS(Historias!$N$2:$N$200,Historias!$J$2:$J$200,">="&$C2,Historias!$J$2:$J$200,"<"&($D2+1)),"") | M2: =IFERROR(AVERAGEIF('WIP diario'!$B$2:$B$500,$A2,'WIP diario'!$E$2:$E$500),"") | N2: =IFERROR(AVERAGEIF('WIP diario'!$B$2:$B$500,$A2,'WIP diario'!$F$2:$F$500),"") | O2: =IFERROR(AVERAGEIF('WIP diario'!$B$2:$B$500,$A2,'WIP diario'!$G$2:$G$500),"") | P2: =COUNTIFS('WIP diario'!$B$2:$B$500,$A2,'WIP diario'!$I$2:$I$500,"No") | Q2: =COUNTIF(Bloqueos!$B$2:$B$500,$A2) | R2: =SUMIF(Bloqueos!$B$2:$B$500,$A2,Bloqueos!$H$2:$H$500) | S2: =COUNTIF(Defectos!$B$2:$B$500,$A2) | T2: =COUNTIFS(Defectos!$B$2:$B$500,$A2,Defectos!$J$2:$J$500,"<>Cerrado",Defectos!$A$2:$A$500,"<>")
A3: 1 | B3: Sprint 1 | C3: 46301 | D3: 46305 | E3: Registrar casos, verlos en la bandeja y cambiar su estado | F3: =COUNTIF(Historias!$E$2:$E$200,$A3) | G3: =SUMIF(Historias!$E$2:$E$200,$A3,Historias!$D$2:$D$200) | H3: =COUNTIFS(Historias!$J$2:$J$200,">="&$C3,Historias!$J$2:$J$200,"<"&($D3+1)) | I3: =SUMIFS(Historias!$D$2:$D$200,Historias!$J$2:$J$200,">="&$C3,Historias!$J$2:$J$200,"<"&($D3+1)) | J3: =IF(G3=0,"",I3/G3) | K3: =IFERROR(AVERAGEIFS(Historias!$M$2:$M$200,Historias!$J$2:$J$200,">="&$C3,Historias!$J$2:$J$200,"<"&($D3+1)),"") | L3: =IFERROR(AVERAGEIFS(Historias!$N$2:$N$200,Historias!$J$2:$J$200,">="&$C3,Historias!$J$2:$J$200,"<"&($D3+1)),"") | M3: =IFERROR(AVERAGEIF('WIP diario'!$B$2:$B$500,$A3,'WIP diario'!$E$2:$E$500),"") | N3: =IFERROR(AVERAGEIF('WIP diario'!$B$2:$B$500,$A3,'WIP diario'!$F$2:$F$500),"") | O3: =IFERROR(AVERAGEIF('WIP diario'!$B$2:$B$500,$A3,'WIP diario'!$G$2:$G$500),"") | P3: =COUNTIFS('WIP diario'!$B$2:$B$500,$A3,'WIP diario'!$I$2:$I$500,"No") | Q3: =COUNTIF(Bloqueos!$B$2:$B$500,$A3) | R3: =SUMIF(Bloqueos!$B$2:$B$500,$A3,Bloqueos!$H$2:$H$500) | S3: =COUNTIF(Defectos!$B$2:$B$500,$A3) | T3: =COUNTIFS(Defectos!$B$2:$B$500,$A3,Defectos!$J$2:$J$500,"<>Cerrado",Defectos!$A$2:$A$500,"<>")
A4: 2 | B4: Sprint 2 | C4: 46306 | D4: 46307 | E4: Asignar → Atender → Validar → Cerrar, con historial | F4: =COUNTIF(Historias!$E$2:$E$200,$A4) | G4: =SUMIF(Historias!$E$2:$E$200,$A4,Historias!$D$2:$D$200) | H4: =COUNTIFS(Historias!$J$2:$J$200,">="&$C4,Historias!$J$2:$J$200,"<"&($D4+1)) | I4: =SUMIFS(Historias!$D$2:$D$200,Historias!$J$2:$J$200,">="&$C4,Historias!$J$2:$J$200,"<"&($D4+1)) | J4: =IF(G4=0,"",I4/G4) | K4: =IFERROR(AVERAGEIFS(Historias!$M$2:$M$200,Historias!$J$2:$J$200,">="&$C4,Historias!$J$2:$J$200,"<"&($D4+1)),"") | L4: =IFERROR(AVERAGEIFS(Historias!$N$2:$N$200,Historias!$J$2:$J$200,">="&$C4,Historias!$J$2:$J$200,"<"&($D4+1)),"") | M4: =IFERROR(AVERAGEIF('WIP diario'!$B$2:$B$500,$A4,'WIP diario'!$E$2:$E$500),"") | N4: =IFERROR(AVERAGEIF('WIP diario'!$B$2:$B$500,$A4,'WIP diario'!$F$2:$F$500),"") | O4: =IFERROR(AVERAGEIF('WIP diario'!$B$2:$B$500,$A4,'WIP diario'!$G$2:$G$500),"") | P4: =COUNTIFS('WIP diario'!$B$2:$B$500,$A4,'WIP diario'!$I$2:$I$500,"No") | Q4: =COUNTIF(Bloqueos!$B$2:$B$500,$A4) | R4: =SUMIF(Bloqueos!$B$2:$B$500,$A4,Bloqueos!$H$2:$H$500) | S4: =COUNTIF(Defectos!$B$2:$B$500,$A4) | T4: =COUNTIFS(Defectos!$B$2:$B$500,$A4,Defectos!$J$2:$J$500,"<>Cerrado",Defectos!$A$2:$A$500,"<>")
A5: 3 | B5: Sprint 3 | C5: 46307.934 | D5: 46308 | E5: Filtros, indicadores, categorías, detalle, QA y README | F5: =COUNTIF(Historias!$E$2:$E$200,$A5) | G5: =SUMIF(Historias!$E$2:$E$200,$A5,Historias!$D$2:$D$200) | H5: =COUNTIFS(Historias!$J$2:$J$200,">="&$C5,Historias!$J$2:$J$200,"<"&($D5+1)) | I5: =SUMIFS(Historias!$D$2:$D$200,Historias!$J$2:$J$200,">="&$C5,Historias!$J$2:$J$200,"<"&($D5+1)) | J5: =IF(G5=0,"",I5/G5) | K5: =IFERROR(AVERAGEIFS(Historias!$M$2:$M$200,Historias!$J$2:$J$200,">="&$C5,Historias!$J$2:$J$200,"<"&($D5+1)),"") | L5: =IFERROR(AVERAGEIFS(Historias!$N$2:$N$200,Historias!$J$2:$J$200,">="&$C5,Historias!$J$2:$J$200,"<"&($D5+1)),"") | M5: =IFERROR(AVERAGEIF('WIP diario'!$B$2:$B$500,$A5,'WIP diario'!$E$2:$E$500),"") | N5: =IFERROR(AVERAGEIF('WIP diario'!$B$2:$B$500,$A5,'WIP diario'!$F$2:$F$500),"") | O5: =IFERROR(AVERAGEIF('WIP diario'!$B$2:$B$500,$A5,'WIP diario'!$G$2:$G$500),"") | P5: =COUNTIFS('WIP diario'!$B$2:$B$500,$A5,'WIP diario'!$I$2:$I$500,"No") | Q5: =COUNTIF(Bloqueos!$B$2:$B$500,$A5) | R5: =SUMIF(Bloqueos!$B$2:$B$500,$A5,Bloqueos!$H$2:$H$500) | S5: =COUNTIF(Defectos!$B$2:$B$500,$A5) | T5: =COUNTIFS(Defectos!$B$2:$B$500,$A5,Defectos!$J$2:$J$500,"<>Cerrado",Defectos!$A$2:$A$500,"<>")
A6: Total | F6: =SUM(F2:F5) | G6: =SUM(G2:G5) | H6: =SUM(H2:H5) | I6: =SUM(I2:I5) | J6: =IF(G6=0,"",I6/G6) | K6: =IFERROR(AVERAGE(Historias!$M$2:$M$200),"") | L6: =IFERROR(AVERAGE(Historias!$N$2:$N$200),"") | P6: =SUM(P2:P5) | Q6: =SUM(Q2:Q5) | R6: =SUM(R2:R5) | S6: =SUM(S2:S5) | T6: =SUM(T2:T5)

Sheet Historias
A1: HU | B1: Historia | C1: Prioridad | D1: Puntos | E1: Sprint comprometido | F1: Ready | G1: En análisis | H1: En atención | I1: En validación | J1: Done | K1: Devoluciones (validación → atención) | L1: Días bloqueada | M1: Lead Time (días) | N1: Cycle Time (días) | O1: Observaciones
A2: HU-01 | B2: Registrar incidente o solicitud | C2: P1 | D2: 5 | E2: 1 | G2: 46302.974 | J2: 46304.619 | K2: 0 | L2: =SUMIF(Bloqueos!$C$2:$C$500,$A2,Bloqueos!$H$2:$H$500) | M2: =IF(AND(ISNUMBER(J2),ISNUMBER(F2)),J2-F2,"") | N2: =IF(AND(ISNUMBER(J2),ISNUMBER(G2)),J2-G2,"") | O2: Registrado el 2026-10-10 en la #35: durante el sprint no se anotaron las fechas. En análisis = primer commit de #23 (PR #54), la fecha más probable. Done = cierre real de #11. Ready, En atención y En validación no se registraron.
A3: HU-02 | B3: Consultar mis casos (solicitante) | C3: P1 | D3: 3 | E3: 1 | G3: 46303.871 | J3: 46305.839 | K3: 0 | L3: =SUMIF(Bloqueos!$C$2:$C$500,$A3,Bloqueos!$H$2:$H$500) | M3: =IF(AND(ISNUMBER(J3),ISNUMBER(F3)),J3-F3,"") | N3: =IF(AND(ISNUMBER(J3),ISNUMBER(G3)),J3-G3,"") | O3: Registrado el 2026-10-10 en la #35: durante el sprint no se anotaron las fechas. En análisis = primer commit de #26 (PR #55), la fecha más probable. Done = cierre real de #12. Ready, En atención y En validación no se registraron.
A4: HU-03 | B4: Bandeja de casos pendientes (agente) | C4: P1 | D4: 3 | E4: 1 | G4: 46303.88 | J4: 46305.839 | K4: 0 | L4: =SUMIF(Bloqueos!$C$2:$C$500,$A4,Bloqueos!$H$2:$H$500) | M4: =IF(AND(ISNUMBER(J4),ISNUMBER(F4)),J4-F4,"") | N4: =IF(AND(ISNUMBER(J4),ISNUMBER(G4)),J4-G4,"") | O4: Registrado el 2026-10-10 en la #35: durante el sprint no se anotaron las fechas. En análisis = primer commit de #29 (PR #58), la fecha más probable. Done = cierre real de #13. Ready, En atención y En validación no se registraron.
A5: HU-04 | B5: Asignarme un caso (agente) | C5: P1 | D5: 3 | E5: 2 | F5: 46305.942 | G5: 46306.292 | J5: 46307.703 | K5: 0 | L5: =SUMIF(Bloqueos!$C$2:$C$500,$A5,Bloqueos!$H$2:$H$500) | M5: =IF(AND(ISNUMBER(J5),ISNUMBER(F5)),J5-F5,"") | N5: =IF(AND(ISNUMBER(J5),ISNUMBER(G5)),J5-G5,"") | O5: Registrado el 2026-10-12 en la #36: durante el sprint no se anotaron las fechas. Ready = creación de las sub-issues en el Planning (2026-10-10), la fecha más probable. En análisis = primer commit de #69 (PR #82), la fecha más probable. Done = cierre real de #14. En atención y En validación no se registraron. Las devoluciones de la QA fueron de prueba, no del proceso.
A6: HU-05 | B6: Cambiar el estado del caso | C6: P1 | D6: 5 | E6: 1 | G6: 46304.488 | J6: 46305.875 | K6: 0 | L6: =SUMIF(Bloqueos!$C$2:$C$500,$A6,Bloqueos!$H$2:$H$500) | M6: =IF(AND(ISNUMBER(J6),ISNUMBER(F6)),J6-F6,"") | N6: =IF(AND(ISNUMBER(J6),ISNUMBER(G6)),J6-G6,"") | O6: Registrado el 2026-10-10 en la #35: durante el sprint no se anotaron las fechas. En análisis = primer commit de #32 (PR #61), la fecha más probable. Done = cierre real de #15. Ready, En atención y En validación no se registraron.
A7: HU-06 | B7: Registrar diagnóstico y solución | C7: P1 | D7: 5 | E7: 2 | F7: 46305.942 | G7: 46306.809 | J7: 46307.818 | K7: 0 | L7: =SUMIF(Bloqueos!$C$2:$C$500,$A7,Bloqueos!$H$2:$H$500) | M7: =IF(AND(ISNUMBER(J7),ISNUMBER(F7)),J7-F7,"") | N7: =IF(AND(ISNUMBER(J7),ISNUMBER(G7)),J7-G7,"") | O7: Registrado el 2026-10-12 en la #36: durante el sprint no se anotaron las fechas. Ready = creación de las sub-issues en el Planning (2026-10-10), la fecha más probable. En análisis = primer commit de #72 (PR #85), la fecha más probable. Done = cierre real de #16. En atención y En validación no se registraron. Las devoluciones de la QA fueron de prueba, no del proceso.
A8: HU-07 | B8: Aprobar o devolver una solución (validador) | C8: P1 | D8: 5 | E8: 2 | F8: 46305.942 | G8: 46306.818 | J8: 46307.898 | K8: 0 | L8: =SUMIF(Bloqueos!$C$2:$C$500,$A8,Bloqueos!$H$2:$H$500) | M8: =IF(AND(ISNUMBER(J8),ISNUMBER(F8)),J8-F8,"") | N8: =IF(AND(ISNUMBER(J8),ISNUMBER(G8)),J8-G8,"") | O8: Registrado el 2026-10-12 en la #36: durante el sprint no se anotaron las fechas. Ready = creación de las sub-issues en el Planning (2026-10-10), la fecha más probable. En análisis = primer commit de #75 (PR #86), la fecha más probable. Done = cierre real de #17. En atención y En validación no se registraron. Las devoluciones de la QA fueron de prueba, no del proceso.
A9: HU-08 | B9: Consultar historial | C9: P2 | D9: 5 | E9: 2 | F9: 46305.942 | G9: 46306.301 | J9: 46307.898 | K9: 0 | L9: =SUMIF(Bloqueos!$C$2:$C$500,$A9,Bloqueos!$H$2:$H$500) | M9: =IF(AND(ISNUMBER(J9),ISNUMBER(F9)),J9-F9,"") | N9: =IF(AND(ISNUMBER(J9),ISNUMBER(G9)),J9-G9,"") | O9: Registrado el 2026-10-12 en la #36: durante el sprint no se anotaron las fechas. Ready = creación de las sub-issues en el Planning (2026-10-10), la fecha más probable. En análisis = primer commit de #78 (PR #84), la fecha más probable. Done = cierre real de #18. En atención y En validación no se registraron. Las devoluciones de la QA fueron de prueba, no del proceso.
A10: HU-09 | B10: Filtrar casos (admin) | C10: P2 | D10: 3 | E10: 3 | F10: 46307.934 | G10: 46308.132 | J10: 46308.369 | K10: 0 | L10: =SUMIF(Bloqueos!$C$2:$C$500,$A10,Bloqueos!$H$2:$H$500) | M10: =IF(AND(ISNUMBER(J10),ISNUMBER(F10)),J10-F10,"") | N10: =IF(AND(ISNUMBER(J10),ISNUMBER(G10)),J10-G10,"") | O10: Ready = creación de las sub-issues (#97, #98 y #99) en el Sprint 3 Planning, 2026-10-12, con la ficha refinada en docs/historias/. Registrado en la #37. Registrado el 2026-10-13 en la #37: durante el sprint no se anotaron las demás fechas. En análisis = primer commit de #97 (PR #111), la fecha más probable. Done = cierre real de #19. En atención y En validación no se registraron.
A11: HU-10 | B11: Indicadores (admin) | C11: P2 | D11: 5 | E11: 3 | F11: 46307.934 | G11: 46308.139 | J11: 46308.375 | K11: 0 | L11: =SUMIF(Bloqueos!$C$2:$C$500,$A11,Bloqueos!$H$2:$H$500) | M11: =IF(AND(ISNUMBER(J11),ISNUMBER(F11)),J11-F11,"") | N11: =IF(AND(ISNUMBER(J11),ISNUMBER(G11)),J11-G11,"") | O11: Ready = creación de las sub-issues (#100, #101 y #102) en el Sprint 3 Planning, 2026-10-12, con la ficha refinada en docs/historias/. Registrado en la #37. Registrado el 2026-10-13 en la #37: durante el sprint no se anotaron las demás fechas. En análisis = primer commit de #100 (PR #112), la fecha más probable. Done = cierre real de #20. En atención y En validación no se registraron.
A12: HU-11 | B12: Gestionar categorías (admin) | C12: P2 | D12: 3 | E12: 3 | F12: 46307.934 | G12: 46308.147 | J12: 46308.443 | K12: 0 | L12: =SUMIF(Bloqueos!$C$2:$C$500,$A12,Bloqueos!$H$2:$H$500) | M12: =IF(AND(ISNUMBER(J12),ISNUMBER(F12)),J12-F12,"") | N12: =IF(AND(ISNUMBER(J12),ISNUMBER(G12)),J12-G12,"") | O12: Ready = creación de las sub-issues (#103, #104 y #105) en el Sprint 3 Planning, 2026-10-12, con la ficha refinada en docs/historias/. Registrado en la #37. Registrado el 2026-10-13 en la #37: durante el sprint no se anotaron las demás fechas. En análisis = primer commit de #103 (PR #113), la fecha más probable. Done = cierre real de #21. En atención y En validación no se registraron.
A13: HU-12 | B13: Detalle de mi caso y la solución (solicitante) | C13: P3 | D13: 3 | E13: 3 | F13: 46307.935 | G13: 46308.152 | J13: 46308.443 | K13: 0 | L13: =SUMIF(Bloqueos!$C$2:$C$500,$A13,Bloqueos!$H$2:$H$500) | M13: =IF(AND(ISNUMBER(J13),ISNUMBER(F13)),J13-F13,"") | N13: =IF(AND(ISNUMBER(J13),ISNUMBER(G13)),J13-G13,"") | O13: Ready = creación de las sub-issues (#106, #107 y #108) en el Sprint 3 Planning, 2026-10-12, con la ficha refinada en docs/historias/. Registrado en la #37. Registrado el 2026-10-13 en la #37: durante el sprint no se anotaron las demás fechas. En análisis = primer commit de #106 (PR #114), la fecha más probable. Done = cierre real de #22. En atención y En validación no se registraron.

Sheet WIP diario
A1: Fecha (Daily) | B1: Sprint | C1: Product Backlog | D1: Ready | E1: En análisis (máx. 3) | F1: En atención (máx. 3) | G1: En validación (máx. 2) | H1: Done | I1: ¿Respeta WIP? | J1: Captura del tablero | K1: Observaciones
B2: =IF(A2="","",IFERROR(LOOKUP(INT(A2),'Resumen por sprint'!$C$2:$C$5,'Resumen por sprint'!$A$2:$A$5),"")) | I2: =IF(A2="","",IF(AND(E2<=3,F2<=3,G2<=2),"Sí","No"))
B3: =IF(A3="","",IFERROR(LOOKUP(INT(A3),'Resumen por sprint'!$C$2:$C$5,'Resumen por sprint'!$A$2:$A$5),"")) | I3: =IF(A3="","",IF(AND(E3<=3,F3<=3,G3<=2),"Sí","No"))
B4: =IF(A4="","",IFERROR(LOOKUP(INT(A4),'Resumen por sprint'!$C$2:$C$5,'Resumen por sprint'!$A$2:$A$5),"")) | I4: =IF(A4="","",IF(AND(E4<=3,F4<=3,G4<=2),"Sí","No"))
B5: =IF(A5="","",IFERROR(LOOKUP(INT(A5),'Resumen por sprint'!$C$2:$C$5,'Resumen por sprint'!$A$2:$A$5),"")) | I5: =IF(A5="","",IF(AND(E5<=3,F5<=3,G5<=2),"Sí","No"))
B6: =IF(A6="","",IFERROR(LOOKUP(INT(A6),'Resumen por sprint'!$C$2:$C$5,'Resumen por sprint'!$A$2:$A$5),"")) | I6: =IF(A6="","",IF(AND(E6<=3,F6<=3,G6<=2),"Sí","No"))
B7: =IF(A7="","",IFERROR(LOOKUP(INT(A7),'Resumen por sprint'!$C$2:$C$5,'Resumen por sprint'!$A$2:$A$5),"")) | I7: =IF(A7="","",IF(AND(E7<=3,F7<=3,G7<=2),"Sí","No"))
B8: =IF(A8="","",IFERROR(LOOKUP(INT(A8),'Resumen por sprint'!$C$2:$C$5,'Resumen por sprint'!$A$2:$A$5),"")) | I8: =IF(A8="","",IF(AND(E8<=3,F8<=3,G8<=2),"Sí","No"))
B9: =IF(A9="","",IFERROR(LOOKUP(INT(A9),'Resumen por sprint'!$C$2:$C$5,'Resumen por sprint'!$A$2:$A$5),"")) | I9: =IF(A9="","",IF(AND(E9<=3,F9<=3,G9<=2),"Sí","No"))
B10: =IF(A10="","",IFERROR(LOOKUP(INT(A10),'Resumen por sprint'!$C$2:$C$5,'Resumen por sprint'!$A$2:$A$5),"")) | I10: =IF(A10="","",IF(AND(E10<=3,F10<=3,G10<=2),"Sí","No"))
B11: =IF(A11="","",IFERROR(LOOKUP(INT(A11),'Resumen por sprint'!$C$2:$C$5,'Resumen por sprint'!$A$2:$A$5),"")) | I11: =IF(A11="","",IF(AND(E11<=3,F11<=3,G11<=2),"Sí","No"))
B12: =IF(A12="","",IFERROR(LOOKUP(INT(A12),'Resumen por sprint'!$C$2:$C$5,'Resumen por sprint'!$A$2:$A$5),"")) | I12: =IF(A12="","",IF(AND(E12<=3,F12<=3,G12<=2),"Sí","No"))
B13: =IF(A13="","",IFERROR(LOOKUP(INT(A13),'Resumen por sprint'!$C$2:$C$5,'Resumen por sprint'!$A$2:$A$5),"")) | I13: =IF(A13="","",IF(AND(E13<=3,F13<=3,G13<=2),"Sí","No"))
... B61: =IF(A61="","",IFERROR(LOOKUP(INT(A61),'Resumen por sprint'!$C$2:$C$5,'Resumen por sprint'!$A$2:$A$5),"")) | I61: =IF(A61="","",IF(AND(E61<=3,F61<=3,G61<=2),"Sí","No"))

Sheet Bloqueos
A1: ID | B1: Sprint | C1: HU | D1: Issue | E1: Motivo | F1: Inicio | G1: Fin | H1: Días | I1: Impacto | J1: Responsable de resolverlo | K1: Estado
H2: =IF(ISNUMBER(F2),IF(ISNUMBER(G2),G2-F2,NOW()-F2),"") | K2: =IF(ISNUMBER(F2),IF(ISNUMBER(G2),"Resuelto","Abierto"),"")
H3: =IF(ISNUMBER(F3),IF(ISNUMBER(G3),G3-F3,NOW()-F3),"") | K3: =IF(ISNUMBER(F3),IF(ISNUMBER(G3),"Resuelto","Abierto"),"")
H4: =IF(ISNUMBER(F4),IF(ISNUMBER(G4),G4-F4,NOW()-F4),"") | K4: =IF(ISNUMBER(F4),IF(ISNUMBER(G4),"Resuelto","Abierto"),"")
H5: =IF(ISNUMBER(F5),IF(ISNUMBER(G5),G5-F5,NOW()-F5),"") | K5: =IF(ISNUMBER(F5),IF(ISNUMBER(G5),"Resuelto","Abierto"),"")
H6: =IF(ISNUMBER(F6),IF(ISNUMBER(G6),G6-F6,NOW()-F6),"") | K6: =IF(ISNUMBER(F6),IF(ISNUMBER(G6),"Resuelto","Abierto"),"")
H7: =IF(ISNUMBER(F7),IF(ISNUMBER(G7),G7-F7,NOW()-F7),"") | K7: =IF(ISNUMBER(F7),IF(ISNUMBER(G7),"Resuelto","Abierto"),"")
H8: =IF(ISNUMBER(F8),IF(ISNUMBER(G8),G8-F8,NOW()-F8),"") | K8: =IF(ISNUMBER(F8),IF(ISNUMBER(G8),"Resuelto","Abierto"),"")
H9: =IF(ISNUMBER(F9),IF(ISNUMBER(G9),G9-F9,NOW()-F9),"") | K9: =IF(ISNUMBER(F9),IF(ISNUMBER(G9),"Resuelto","Abierto"),"")
H10: =IF(ISNUMBER(F10),IF(ISNUMBER(G10),G10-F10,NOW()-F10),"") | K10: =IF(ISNUMBER(F10),IF(ISNUMBER(G10),"Resuelto","Abierto"),"")
H11: =IF(ISNUMBER(F11),IF(ISNUMBER(G11),G11-F11,NOW()-F11),"") | K11: =IF(ISNUMBER(F11),IF(ISNUMBER(G11),"Resuelto","Abierto"),"")
H12: =IF(ISNUMBER(F12),IF(ISNUMBER(G12),G12-F12,NOW()-F12),"") | K12: =IF(ISNUMBER(F12),IF(ISNUMBER(G12),"Resuelto","Abierto"),"")
H13: =IF(ISNUMBER(F13),IF(ISNUMBER(G13),G13-F13,NOW()-F13),"") | K13: =IF(ISNUMBER(F13),IF(ISNUMBER(G13),"Resuelto","Abierto"),"")
... H61: =IF(ISNUMBER(F61),IF(ISNUMBER(G61),G61-F61,NOW()-F61),"") | K61: =IF(ISNUMBER(F61),IF(ISNUMBER(G61),"Resuelto","Abierto"),"")

Sheet Defectos
A1: ID | B1: Sprint | C1: HU | D1: Issue | E1: Descripción | F1: Pasos para reproducir | G1: Resultado esperado | H1: Resultado obtenido | I1: Prioridad | J1: Estado | K1: Detectado | L1: Cerrado | M1: Caso de prueba
A2: DEF-01 | B2: 1 | C2: HU-02, HU-03, HU-05 | D2: #56 | E2: Tildes corruptas al cargar schema.sql y seeds.sql en Windows: falta SET NAMES utf8mb4 y el ENUM caso.estado queda mal guardado. | F2: 1. Cargar db/schema.sql y db/seeds.sql con el cliente mysql de Windows, sin --default-character-set. 2. SELECT @@character_set_client (cp850). 3. Consultar usuario 1 y SHOW COLUMNS de caso.estado. | G2: Laura Gómez y los valores del ENUM estado con tildes correctas. | H2: Nombres corruptos (Laura G├│mez) y ENUM estado corrupto: el cambio a En análisis fallaría (rompe CP-04). | I2: P1 | J2: Cerrado | K2: 46303.942 | L2: 46304.52 | M2: CP-04
A3: DEF-02 | B3: 2 | C3: HU-07 | D3: #93 | E3: Tras un error de validación (400/409), la pantalla Por validar reemplaza toda la lista por el mensaje de error y oculta los demás casos pendientes hasta recargar. | F3: 1. Con Pedro Validador abrir /por-validar con dos casos En validación (#1 y #3). 2. Cerrar el #3 por API o desde otra pestaña. 3. Pulsar Aprobar en el #3. | G3: Se muestra el mensaje del 409 y el #1 sigue en la lista. | H3: Solo se ve 'Solo se validan casos En validación (está Cerrada).'; el #1 deja de verse aunque sigue En validación. | I3: P3 | J3: Cerrado | K3: 46307.84 | L3: 46308.308 | M3: HU-07 (QA de la #77)
